drug,x,xHighDose,malType,predLin,confLowerLin,confUpperLin,predBin,confLowerBin,confUpperBin,scale
Taxane,300,FALSE,AML,3.95557873904233,1.61253401684124,9.69981226990093,3.85137246405354,2.2595239989233,6.56395160875004,10000
Taxane,400,FALSE,AML,3.76777202757744,2.13610441902929,6.64496381010714,3.85137246405354,2.2595239989233,6.56395160875004,10000
Taxane,450,FALSE,AML,3.67723819897806,2.19795456369622,6.15150766864993,3.85137246405354,2.2595239989233,6.56395160875004,10000
Taxane,800,TRUE,AML,3.1015533613597,0.503378761099754,19.0845349673269,1.99301448423276,0.280791063013156,14.1313746511801,10000
