drug,x,xHighDose,malType,predLin,confLowerLin,confUpperLin,predBin,confLowerBin,confUpperBin,scale
Taxane,300,FALSE,AML,3.94914105787585,1.67354746568781,9.31895593925754,3.85285634254188,2.26003465933353,6.56826298435738,10000
Taxane,400,FALSE,AML,3.76834012539722,2.13768661315278,6.64287609479634,3.85285634254188,2.26003465933353,6.56826298435738,10000
Taxane,450,FALSE,AML,3.68106781943948,2.21627435242285,6.11398145563507,3.85285634254188,2.26003465933353,6.56826298435738,10000
Taxane,750,TRUE,AML,3.19827765508294,0.809320438627274,12.6389739722287,2.3481853988358,0.473946405070586,11.63417341774,10000
Taxane,800,TRUE,AML,3.12420762510581,0.643600847011859,15.1657247346497,2.3481853988358,0.473946405070586,11.63417341774,10000
