drug,x,xHighDose,malType,predLin,confLowerLin,confUpperLin,predBin,confLowerBin,confUpperBin,scale
Taxane,300,FALSE,AML or MDS,3.61892999598813,1.09283429664946,11.977122906492,4.38097803860062,1.68798895978983,11.3654326019246,10000
Taxane,400,FALSE,AML or MDS,4.37769968121372,1.46165640851743,13.1037022629204,4.38097803860062,1.68798895978983,11.3654326019246,10000
Taxane,450,FALSE,AML or MDS,4.8147788962515,1.67027084821053,13.8710305422938,4.38097803860062,1.68798895978983,11.3654326019246,10000
Taxane,600,TRUE,AML or MDS,6.40553409088299,2.35105461531588,17.4399143462887,8.75461523833717,3.56293469550852,21.495013852412,10000
Taxane,700,TRUE,AML or MDS,7.74810945019493,2.79954043705284,21.4252017272598,8.75461523833717,3.56293469550852,21.495013852412,10000
Taxane,800,TRUE,AML or MDS,9.37181956089266,3.1990028620231,27.4230690879201,8.75461523833717,3.56293469550852,21.495013852412,10000
Taxane,900,TRUE,AML or MDS,11.3354117700679,3.52907988499049,36.3465816057056,8.75461523833717,3.56293469550852,21.495013852412,10000
