drug,x,xHighDose,malType,predLin,predBin,scale
Taxane,300,FALSE,AML or MDS,3.61892999598813,4.38097803860062,10000
Taxane,400,FALSE,AML or MDS,4.37769968121372,4.38097803860062,10000
Taxane,450,FALSE,AML or MDS,4.8147788962515,4.38097803860062,10000
Taxane,600,TRUE,AML or MDS,6.40553409088299,8.75461523833717,10000
Taxane,700,TRUE,AML or MDS,7.74810945019493,8.75461523833717,10000
Taxane,800,TRUE,AML or MDS,9.37181956089266,8.75461523833717,10000
Taxane,900,TRUE,AML or MDS,11.3354117700679,8.75461523833717,10000
