drug,x,xHighDose,malType,predLin,confLowerLin,confUpperLin,predBin,confLowerBin,confUpperBin,scale
Taxane,400,FALSE,Non-Breast Solid,27.8099906112556,10.8713687433512,70.953126075451,26.3209948424569,11.0638812776043,62.4860835952522,10000
Taxane,450,FALSE,Non-Breast Solid,28.8479965967095,11.7180731877029,70.841487636399,26.3209948424569,11.0638812776043,62.4860835952522,10000
Taxane,700,TRUE,Non-Breast Solid,34.6468006456107,13.8368135118558,86.4830913717502,38.9350034863336,16.0616959480907,94.0750396597589,10000
Taxane,800,TRUE,Non-Breast Solid,37.2793594872022,13.4866789208755,102.614873881797,38.9350034863336,16.0616959480907,94.0750396597589,10000
