drug,x,xHighDose,malType,predLin,predBin,scale
Taxane,400,FALSE,Non-Breast Solid,22.6613360439272,21.5879682500747,10000
Taxane,450,FALSE,Non-Breast Solid,23.6290442513603,21.5879682500747,10000
Taxane,700,TRUE,Non-Breast Solid,29.1219743988426,32.9467681482849,10000
Taxane,800,TRUE,Non-Breast Solid,31.6603548106495,32.9467681482849,10000
