drug,x,xHighDose,malType,predLin,confLowerLin,confUpperLin,predBin,confLowerBin,confUpperBin,scale
Taxane,400,FALSE,Non-Breast Solid,22.6613360439272,7.31784441200114,69.9506738043356,21.5879682500747,7.80933453107212,59.5325067589368,10000
Taxane,450,FALSE,Non-Breast Solid,23.6290442513603,8.07851370145885,68.9067456664296,21.5879682500747,7.80933453107212,59.5325067589368,10000
Taxane,700,TRUE,Non-Breast Solid,29.1219743988426,9.82174562110099,86.0215670305419,32.9467681482849,11.6265896638553,92.9986683569864,10000
Taxane,800,TRUE,Non-Breast Solid,31.6603548106495,9.30253053944325,107.176816225888,32.9467681482849,11.6265896638553,92.9986683569864,10000
