drug,x,xHighDose,malType,predLin,confLowerLin,confUpperLin,predBin,confLowerBin,confUpperBin,scale
Taxane,400,FALSE,Non-Breast Solid,28.0624962420576,10.928771658743,72.0578414414483,26.3460259667886,10.9113373960994,63.6139328338278,10000
Taxane,450,FALSE,Non-Breast Solid,28.726598995122,11.6253004855453,70.9846159118731,26.3460259667886,10.9113373960994,63.6139328338278,10000
Taxane,700,TRUE,Non-Breast Solid,32.2904257192198,13.0674392436576,79.7915776524094,35.7613840861191,14.7940331775333,86.4454321825555,10000
Taxane,750,TRUE,Non-Breast Solid,33.0545829927846,12.8727804142915,84.8771921576369,35.7613840861191,14.7940331775333,86.4454321825555,10000
Taxane,800,TRUE,Non-Breast Solid,33.8368241511461,12.5487002958029,91.2389842491117,35.7613840861191,14.7940331775333,86.4454321825555,10000
