drug,x,xHighDose,malType,predLin,confLowerLin,confUpperLin,predBin,confLowerBin,confUpperBin,scale
Taxane,400,FALSE,Non-Breast Solid,28.0624962442865,10.9287716710551,72.0578413717159,26.3460259602279,10.9113373715755,63.613932945121,10000
Taxane,450,FALSE,Non-Breast Solid,28.7265989979358,11.6253004986698,70.9846158456408,26.3460259602279,10.9113373715755,63.613932945121,10000
Taxane,700,TRUE,Non-Breast Solid,32.2904257253743,13.0674392595384,79.791577585856,35.7613840735981,14.7940331428453,86.4454323247128,10000
Taxane,750,TRUE,Non-Breast Solid,33.0545829996973,12.8727804303542,84.8771920872275,35.7613840735981,14.7940331428453,86.4454323247128,10000
Taxane,800,TRUE,Non-Breast Solid,33.8368241588493,12.5487003119422,91.2389841733087,35.7613840735981,14.7940331428453,86.4454323247128,10000
